Malmö,Stockholm
Malmö,Södertälje
Malmö,Norrköping
Malmö,Katrineholm
Malmö,Linköping
Malmö,Mjölby
Malmö,Nässjö
Malmö,Alvesta
Malmö,Hässleholm
Malmö,Lund
Malmö,Göteborg
Malmö,Varberg
Malmö,Halmstad
Malmö,Åstorp,
Malmö,Skövde
Malmö,Herrljunga
Malmö,Falköping
Malmö,Jönköping
Malmö,Halmstad
Malmö,Värnamo
Malmö,Emmaboda
Malmö,Kalmar
Malmö,Kristianstad
Malmö,Karlskrona
Malmö,Katrineholm
Malmö,Hallsberg
Malmö,Örebro
Malmö,Arboga
Malmö,Västerås
Malmö,Uppsala
Malmö,Gävle
Malmö,Sundsvall
Malmö,Ånge
Malmö,Östersund
Malmö,Umeå
Malmö,Boden
Malmö,Gällivare
Malmö,Kiruna
Malmö,Luleå
Malmö,Borlänge
Malmö,Mora
Malmö,Sveg
Malmö,Sala
Malmö,Avesta
Malmö,Storvik
Malmö,Fagersta
Malmö,Frövi
Malmö,Ludvika
Malmö,Eskilstuna
Malmö,Uddevalla
Malmö,Trollhättan